<?xml version="1.0" encoding="UTF-8" ?>
<answers>
    <answer>
        <line>123q</line>
    </answer>
    <answer>
        <line>x+23</line>
    </answer>
    <answer>
        <line>1_w</line>
    </answer>
    <answer>
        <line>**</line>
    </answer>
    <answer>
        <line>x^2</line>
    </answer>
    <answer>
        <line>!!=</line>
    </answer>
    <answer>
        <line>c2,4</line>
    </answer>
    <answer>
        <line>'qwerty'</line>
    </answer>
    <answer>
        <line>()</line>
    </answer>
</answers>
