<?xml version="1.0" encoding="UTF-8" ?>
<questions>
    <global_preamble>Скільки ітерацій циклу буде виконано: </global_preamble>

    <question_radiobutton>
        <preamble>for(int x = 99; x = 103; x+=2); ?</preamble>
        <count_answers>4</count_answers>
        <source_correct_answers>answers6_1+.xml</source_correct_answers>
        <source_incorrect_answers>answers6_1-.xml</source_incorrect_answers>
        <formatting_elements>
            <strategy>columns</strategy>
            <count>2</count>
        </formatting_elements>
    </question_radiobutton>
</questions>
