<?xml version="1.0" encoding="UTF-8" ?>
<questions>
    <global_preamble>Вiдмiтити все, що є однiєю правильною лексемою:</global_preamble>

    <question_checkbox>
		<preamble>##a## ##b## ##a##</preamble>
		<parameterized>
			<parameters>
				<parameter>
					<name>a</name>
					<type>DOUBLE</type>
					<value>
						<diapason>
							<min>-0.1</min>
							<max>829.1292312</max>
						</diapason>
					</value>
				</parameter>
				<parameter>
					<name>b</name>
					<type>INTEGER</type>
					<value>
						<list>1 55 -3483</list>
					</value>
				</parameter>
			</parameters>
			<conditions>
				<condition>
					<value>##a## > ##b##</value>
				</condition>
				<condition>
					<value>(##a## + ##b##) > 100</value>
				</condition>
			</conditions>
		</parameterized>
        <hash_tag>#operators</hash_tag>
        <count_answers>6</count_answers>
        <count_correct_answers>3</count_correct_answers>
        <count_incorrect_answers>3</count_incorrect_answers>
        <source_correct_answers>answers1+.xml</source_correct_answers>
        <source_incorrect_answers>answers1-.xml</source_incorrect_answers>
        <formatting_elements>
            <strategy>columns</strategy>
            <count>3</count>
        </formatting_elements>
    </question_checkbox>
</questions>
