<?xml version="1.0" encoding="UTF-8" ?>
<questions>
    <global_preamble>Скільки ітерацій циклу буде виконано:</global_preamble>
	
	<question_radiobutton>
        <preamble>for (int i=##a##; i &lt; ##b##; i++);?</preamble>
		<parameterized>
			<parameters>
				<parameter>
					<name>a</name>
					<type>INTEGER</type>
					<value>
						<diapason>
							<min>0</min>
							<max>100</max>
						</diapason>
					</value>
				</parameter>
				<parameter>
					<name>b</name>
					<type>INTEGER</type>
					<value>
						<list>1 55 68 334</list>
					</value>
				</parameter>
			</parameters>
			<conditions>
				<condition>
					<value>##a## &lt; ##b##</value>
				</condition>
				<condition>
					<value>##b## + ##a## &lt; 100</value>
				</condition>
			</conditions>
		</parameterized>
        <count_answers>4</count_answers>
        <source_correct_answers>answers3_1+.xml</source_correct_answers>
        <source_incorrect_answers>answers3_1-.xml</source_incorrect_answers>
        <formatting_elements>
            <strategy>columns</strategy>
            <count>4</count>
        </formatting_elements>
    </question_radiobutton>
    
</questions>
