<?xml version="1.0" encoding="UTF-8" ?>
<globalConfig>
    <testConfig>
        <test_name>Самостійна робота №1</test_name>
        <test_type>TRAINING</test_type>
        <result_source>
            <path>result</path>
        </result_source>
        <count_variants>100</count_variants>
    </testConfig>

    <variantConfig>
            <variant_header>
                <line>ПІБ:</line>
                <line>Група:</line>
            </variant_header>
        <variant_footer>
            <line>Date:</line>
        </variant_footer>
        <points>12</points>
        <questions>
            <question>
                <sources>
                    <source>
                        <question_source>question1.xml</question_source>
                    </source>
                </sources>
                <estimation>
                    <mark>2</mark>
                    <strategy>with_fines</strategy>
                </estimation>
            </question>
			
			<question>
                <sources>
                    <source>
                        <question_source>question6.xml</question_source>
                    </source>
                </sources>
                <estimation>
                    <mark>2</mark>
                    <strategy>evenly</strategy>
                </estimation>
            </question>
			
            <question>
                <sources>
                    <source>
                            <question_source>question3.xml</question_source>
                    </source>
                </sources>
                <estimation>
                    <mark>2</mark>
                    <strategy>all_nothing</strategy>
                </estimation>
            </question>

            <question>
                <sources>
                    <source>
                        <question_source>question4.xml</question_source>
                    </source>
                </sources>
                <estimation>
                    <mark>2</mark>
                    <strategy>evenly</strategy>
                </estimation>
            </question>

             <question>
                <hashtags>
                    <hashtag>#factorial_seq</hashtag>
                    <hashtag>#pow_sequence</hashtag>
                </hashtags>
                <sources>
                    <source>
                        <question_source>question5.xml</question_source>
                    </source>
                </sources>
                <estimation>
                    <mark>2</mark>
                    <strategy>all_nothing</strategy>
                </estimation>
            </question>

			<question>
                <sources>
                    <source>
                        <question_source>question2_1.xml</question_source>
                        <count_questions>3</count_questions>
                    </source>
                    <source>
                        <question_source>question2_2.xml</question_source>
                        <count_questions>4</count_questions>
                    </source>
                </sources>
                <estimation>
                    <mark>2</mark>
                    <strategy>all_nothing</strategy>
                </estimation>
            </question>

        </questions>
    </variantConfig>
</globalConfig>
